{"PlayerName":"Larke","Health":105,"Pos":[2.200000047683716,3.0,1.9800000190734864]}